dataset,category,ratio_name,ratio_value,status,qps_num,recall_num,time_num_ms,qps_den,recall_den,time_den_ms
Genome,Mixed,SmartRoute+/ACORN-gamma,inf,"Infinity (Num>=0.9, Den Failed)",173135.6893,0.9600,346.5490,,,
Genome,Mixed,SmartRoute+/NaviX,inf,"Infinity (Num>=0.9, Den Failed)",173135.6893,0.9600,346.5490,,,
Genome,Mixed,SmartRoute+/pre-filtering,43.5350,OK (Recall>=0.9),173135.6893,0.9600,346.5490,3976.9338,1.0000,15087.0000
Genome,Mixed,SmartRoute+/Milvus-HNSW,37.3569,OK (Recall>=0.9),173135.6893,0.9600,346.5490,4634.6332,0.9000,12946.0084
Genome,Mixed,SmartRoute+/Milvus-IVF,41.9628,OK (Recall>=0.9),173135.6893,0.9600,346.5490,4125.9345,0.9315,14542.1600
Genome,Mixed,SmartRoute+/UNG,21.9886,OK (Recall>=0.9),173135.6893,0.9600,346.5490,7873.8814,0.9000,7620.1300
Genome,Mixed,UNG+/UNG,1.4708,OK (Recall>=0.9),11581.2118,0.9100,5180.8050,7873.8814,0.9000,7620.1300
Genome,Mixed,SmartRoute+/UNG+,14.9497,OK (Recall>=0.9),173135.6893,0.9600,346.5490,11581.2118,0.9100,5180.8050
Genome,Mixed,SmartRoute+/SmartRoute,3.8652,OK (Recall>=0.9),173135.6893,0.9600,346.5490,44793.7026,0.9600,1339.4740
Genome,Mixed,SmartRoute/UNG+,3.8678,OK (Recall>=0.9),44793.7026,0.9600,1339.4740,11581.2118,0.9100,5180.8050
Genome,Small Length,SmartRoute+/ACORN-gamma,inf,"Infinity (Num>=0.9, Den Failed)",156832.4037,0.9600,191.2870,,,
Genome,Small Length,SmartRoute+/NaviX,inf,"Infinity (Num>=0.9, Den Failed)",156832.4037,0.9600,191.2870,,,
Genome,Small Length,SmartRoute+/pre-filtering,29.2789,OK (Recall>=0.9),156832.4037,0.9600,191.2870,5356.4924,1.0000,5600.6800
Genome,Small Length,SmartRoute+/Milvus-HNSW,25.5116,OK (Recall>=0.9),156832.4037,0.9600,191.2870,6147.5019,0.9200,4880.0310
Genome,Small Length,SmartRoute+/Milvus-IVF,55.0631,OK (Recall>=0.9),156832.4037,0.9600,191.2870,2848.2303,0.9180,10532.8560
Genome,Small Length,SmartRoute+/UNG,19.0355,OK (Recall>=0.9),156832.4037,0.9600,191.2870,8238.9289,0.9100,3641.2500
Genome,Small Length,UNG+/UNG,1.7145,OK (Recall>=0.9),14125.7702,0.9100,2123.7780,8238.9289,0.9100,3641.2500
Genome,Small Length,SmartRoute+/UNG+,11.1026,OK (Recall>=0.9),156832.4037,0.9600,191.2870,14125.7702,0.9100,2123.7780
Genome,Small Length,SmartRoute+/SmartRoute,3.5324,OK (Recall>=0.9),156832.4037,0.9600,191.2870,44398.2702,0.9600,675.7020
Genome,Small Length,SmartRoute/UNG+,3.1431,OK (Recall>=0.9),44398.2702,0.9600,675.7020,14125.7702,0.9100,2123.7780
Genome,Large Length,SmartRoute+/ACORN-gamma,inf,"Infinity (Num>=0.9, Den Failed)",184411.1138,0.9600,162.6800,,,
Genome,Large Length,SmartRoute+/NaviX,inf,"Infinity (Num>=0.9, Den Failed)",184411.1138,0.9600,162.6800,,,
Genome,Large Length,SmartRoute+/pre-filtering,40.8657,OK (Recall>=0.9),184411.1138,0.9600,162.6800,4512.6082,1.0000,6648.0400
Genome,Large Length,SmartRoute+/Milvus-HNSW,30.7835,OK (Recall>=0.9),184411.1138,0.9600,162.6800,5990.5828,0.9000,5007.8600
Genome,Large Length,SmartRoute+/Milvus-IVF,38.8594,OK (Recall>=0.9),184411.1138,0.9600,162.6800,4745.5980,0.9040,6321.6480
Genome,Large Length,SmartRoute+/UNG,22.8442,OK (Recall>=0.9),184411.1138,0.9600,162.6800,8072.5453,0.9100,3716.3000
Genome,Large Length,UNG+/UNG,1.4565,OK (Recall>=0.9),11757.6283,0.9100,2551.5350,8072.5453,0.9100,3716.3000
Genome,Large Length,SmartRoute+/UNG+,15.6844,OK (Recall>=0.9),184411.1138,0.9600,162.6800,11757.6283,0.9100,2551.5350
Genome,Large Length,SmartRoute+/SmartRoute,4.3609,OK (Recall>=0.9),184411.1138,0.9600,162.6800,42287.8279,0.9600,709.4240
Genome,Large Length,SmartRoute/UNG+,3.5966,OK (Recall>=0.9),42287.8279,0.9600,709.4240,11757.6283,0.9100,2551.5350
Genome,Small p_pass,SmartRoute+/ACORN-gamma,inf,"Infinity (Num>=0.9, Den Failed)",184407.7132,0.9500,162.6830,,,
Genome,Small p_pass,SmartRoute+/NaviX,inf,"Infinity (Num>=0.9, Den Failed)",184407.7132,0.9500,162.6830,,,
Genome,Small p_pass,SmartRoute+/pre-filtering,36.9511,OK (Recall>=0.9),184407.7132,0.9500,162.6830,4990.5844,1.0000,6011.3200
Genome,Small p_pass,SmartRoute+/Milvus-HNSW,30.0687,OK (Recall>=0.9),184407.7132,0.9500,162.6830,6132.8749,0.9000,4891.6700
Genome,Small p_pass,SmartRoute+/Milvus-IVF,39.1633,OK (Recall>=0.9),184407.7132,0.9500,162.6830,4708.6832,0.9400,6371.2080
Genome,Small p_pass,SmartRoute+/UNG,22.4401,OK (Recall>=0.9),184407.7132,0.9500,162.6830,8217.7912,0.9100,3650.6160
Genome,Small p_pass,UNG+/UNG,1.4967,OK (Recall>=0.9),12299.5985,0.9100,2439.1040,8217.7912,0.9100,3650.6160
Genome,Small p_pass,SmartRoute+/UNG+,14.9930,OK (Recall>=0.9),184407.7132,0.9500,162.6830,12299.5985,0.9100,2439.1040
Genome,Small p_pass,SmartRoute+/SmartRoute,5.2034,OK (Recall>=0.9),184407.7132,0.9500,162.6830,35439.6286,0.9500,846.5100
Genome,Small p_pass,SmartRoute/UNG+,2.8814,OK (Recall>=0.9),35439.6286,0.9500,846.5100,12299.5985,0.9100,2439.1040
Genome,Large p_pass,SmartRoute+/ACORN-gamma,inf,"Infinity (Num>=0.9, Den Failed)",184945.4411,0.9500,162.2100,,,
Genome,Large p_pass,SmartRoute+/NaviX,inf,"Infinity (Num>=0.9, Den Failed)",184945.4411,0.9500,162.2100,,,
Genome,Large p_pass,SmartRoute+/pre-filtering,37.6516,OK (Recall>=0.9),184945.4411,0.9500,162.2100,4912.0256,1.0000,6107.4600
Genome,Large p_pass,SmartRoute+/Milvus-HNSW,33.2597,OK (Recall>=0.9),184945.4411,0.9500,162.2100,5560.6487,0.9000,5395.0540
Genome,Large p_pass,SmartRoute+/Milvus-IVF,42.9497,OK (Recall>=0.9),184945.4411,0.9500,162.2100,4306.0981,0.9060,6966.8640
Genome,Large p_pass,SmartRoute+/UNG,26.7118,OK (Recall>=0.9),184945.4411,0.9500,162.2100,6923.7472,0.9200,4332.9138
Genome,Large p_pass,UNG+/UNG,1.6723,OK (Recall>=0.9),11578.8651,0.9200,2590.9275,6923.7472,0.9200,4332.9138
Genome,Large p_pass,SmartRoute+/UNG+,15.9727,OK (Recall>=0.9),184945.4411,0.9500,162.2100,11578.8651,0.9200,2590.9275
Genome,Large p_pass,SmartRoute+/SmartRoute,3.7420,OK (Recall>=0.9),184945.4411,0.9500,162.2100,49424.1266,0.9500,606.9910
Genome,Large p_pass,SmartRoute/UNG+,4.2685,OK (Recall>=0.9),49424.1266,0.9500,606.9910,11578.8651,0.9200,2590.9275
Genome,th=10,SmartRoute+/ACORN-gamma,inf,"Infinity (Num>=0.9, Den Failed)",16801.6022,0.9600,3571.0880,,,
Genome,th=10,SmartRoute+/NaviX,inf,"Infinity (Num>=0.9, Den Failed)",16801.6022,0.9600,3571.0880,,,
Genome,th=10,SmartRoute+/pre-filtering,18.7895,OK (Recall>=0.9),16801.6022,0.9600,3571.0880,894.2011,1.0000,67099.0000
Genome,th=10,SmartRoute+/Milvus-HNSW,17.1503,OK (Recall>=0.9),16801.6022,0.9600,3571.0880,979.6661,0.9000,61245.3600
Genome,th=10,SmartRoute+/Milvus-IVF,26.2594,OK (Recall>=0.9),16801.6022,0.9600,3571.0880,639.8321,0.9315,93774.6000
Genome,th=10,SmartRoute+/UNG,15.1013,OK (Recall>=0.9),16801.6022,0.9600,3571.0880,1112.5915,0.9000,53928.1500
Genome,th=10,UNG+/UNG,1.6011,OK (Recall>=0.9),1781.3616,0.9000,33682.1000,1112.5915,0.9000,53928.1500
Genome,th=10,SmartRoute+/UNG+,9.4319,OK (Recall>=0.9),16801.6022,0.9600,3571.0880,1781.3616,0.9000,33682.1000
Genome,th=10,SmartRoute+/SmartRoute,3.8245,OK (Recall>=0.9),16801.6022,0.9600,3571.0880,4393.1643,0.9600,13657.5815
Genome,th=10,SmartRoute/UNG+,2.4662,OK (Recall>=0.9),4393.1643,0.9600,13657.5815,1781.3616,0.9000,33682.1000
Genome,K=20,SmartRoute+/ACORN-gamma,inf,"Infinity (Num>=0.9, Den Failed)",178548.0473,0.9600,336.0440,,,
Genome,K=20,SmartRoute+/NaviX,inf,"Infinity (Num>=0.9, Den Failed)",178548.0473,0.9600,336.0440,,,
Genome,K=20,SmartRoute+/pre-filtering,36.6318,OK (Recall>=0.9),178548.0473,0.9600,336.0440,4874.1257,1.0000,12309.9000
Genome,K=20,SmartRoute+/Milvus-HNSW,39.2635,OK (Recall>=0.9),178548.0473,0.9600,336.0440,4547.4303,0.9000,13194.2650
Genome,K=20,SmartRoute+/Milvus-IVF,47.5828,OK (Recall>=0.9),178548.0473,0.9600,336.0440,3752.3640,0.9250,15989.9200
Genome,K=20,SmartRoute+/UNG,22.8123,OK (Recall>=0.9),178548.0473,0.9600,336.0440,7826.8390,0.9000,7665.9300
Genome,K=20,UNG+/UNG,1.2863,OK (Recall>=0.9),10067.4249,0.9000,5959.8160,7826.8390,0.9000,7665.9300
Genome,K=20,SmartRoute+/UNG+,17.7352,OK (Recall>=0.9),178548.0473,0.9600,336.0440,10067.4249,0.9000,5959.8160
Genome,K=20,SmartRoute+/SmartRoute,3.9092,OK (Recall>=0.9),178548.0473,0.9600,336.0440,45673.2546,0.9600,1313.6791
Genome,K=20,SmartRoute/UNG+,4.5367,OK (Recall>=0.9),45673.2546,0.9600,1313.6791,10067.4249,0.9000,5959.8160
Reviews,Mixed,SmartRoute+/ACORN-gamma,inf,"Infinity (Num>=0.9, Den Failed)",103924.9329,0.9600,577.3398,,,
Reviews,Mixed,SmartRoute+/NaviX,7.7137,OK (Recall>=0.9),103924.9329,0.9600,577.3398,13472.7917,0.9050,4453.4200
Reviews,Mixed,SmartRoute+/pre-filtering,11.8360,OK (Recall>=0.9),103924.9329,0.9600,577.3398,8780.4150,1.0000,6833.3900
Reviews,Mixed,SmartRoute+/Milvus-HNSW,56.6207,OK (Recall>=0.9),103924.9329,0.9600,577.3398,1835.4574,0.9600,32689.4000
Reviews,Mixed,SmartRoute+/Milvus-IVF,58.1230,OK (Recall>=0.9),103924.9329,0.9600,577.3398,1788.0185,0.9135,33556.7000
Reviews,Mixed,SmartRoute+/UNG,16.3249,OK (Recall>=0.9),103924.9329,0.9600,577.3398,6366.0442,0.9100,9425.0052
Reviews,Mixed,UNG+/UNG,2.2072,OK (Recall>=0.9),14051.2458,0.9200,4270.0840,6366.0442,0.9100,9425.0052
Reviews,Mixed,SmartRoute+/UNG+,7.3961,OK (Recall>=0.9),103924.9329,0.9600,577.3398,14051.2458,0.9200,4270.0840
Reviews,Mixed,SmartRoute+/SmartRoute,2.6347,OK (Recall>=0.9),103924.9329,0.9600,577.3398,39445.3199,0.9600,1521.0930
Reviews,Mixed,SmartRoute/UNG+,2.8072,OK (Recall>=0.9),39445.3199,0.9600,1521.0930,14051.2458,0.9200,4270.0840
Reviews,Small Length,SmartRoute+/ACORN-gamma,inf,"Infinity (Num>=0.9, Den Failed)",81883.0928,0.9600,366.3760,,,
Reviews,Small Length,SmartRoute+/NaviX,5.2240,OK (Recall>=0.9),81883.0928,0.9600,366.3760,15674.4726,0.9140,1913.9400
Reviews,Small Length,SmartRoute+/pre-filtering,7.0755,OK (Recall>=0.9),81883.0928,0.9600,366.3760,11572.7346,1.0000,2592.3000
Reviews,Small Length,SmartRoute+/Milvus-HNSW,46.1627,OK (Recall>=0.9),81883.0928,0.9600,366.3760,1773.7940,0.9600,16912.9000
Reviews,Small Length,SmartRoute+/Milvus-IVF,51.9896,OK (Recall>=0.9),81883.0928,0.9600,366.3760,1574.9892,0.9120,19047.7500
Reviews,Small Length,SmartRoute+/UNG,11.0277,OK (Recall>=0.9),81883.0928,0.9600,366.3760,7425.2280,0.9000,4040.2800
Reviews,Small Length,UNG+/UNG,2.5518,OK (Recall>=0.9),18947.7673,0.9000,1583.3000,7425.2280,0.9000,4040.2800
Reviews,Small Length,SmartRoute+/UNG+,4.3215,OK (Recall>=0.9),81883.0928,0.9600,366.3760,18947.7673,0.9000,1583.3000
Reviews,Small Length,SmartRoute+/SmartRoute,2.0565,OK (Recall>=0.9),81883.0928,0.9600,366.3760,39815.8913,0.9600,753.4680
Reviews,Small Length,SmartRoute/UNG+,2.1014,OK (Recall>=0.9),39815.8913,0.9600,753.4680,18947.7673,0.9000,1583.3000
Reviews,Large Length,SmartRoute+/ACORN-gamma,inf,"Infinity (Num>=0.9, Den Failed)",99890.7861,0.9600,300.3280,,,
Reviews,Large Length,SmartRoute+/NaviX,12.5106,OK (Recall>=0.9),99890.7861,0.9600,300.3280,7984.5207,0.9450,3757.2700
Reviews,Large Length,SmartRoute+/pre-filtering,14.0872,OK (Recall>=0.9),99890.7861,0.9600,300.3280,7090.8910,1.0000,4230.7800
Reviews,Large Length,SmartRoute+/Milvus-HNSW,50.7342,OK (Recall>=0.9),99890.7861,0.9600,300.3280,1968.9044,0.9600,15236.9000
Reviews,Large Length,SmartRoute+/Milvus-IVF,48.6257,OK (Recall>=0.9),99890.7861,0.9600,300.3280,2054.2810,0.9060,14603.6500
Reviews,Large Length,SmartRoute+/UNG,9.3148,OK (Recall>=0.9),99890.7861,0.9600,300.3280,10723.8606,0.9300,2797.5000
Reviews,Large Length,UNG+/UNG,1.3801,OK (Recall>=0.9),14799.9783,0.9200,2027.0300,10723.8606,0.9300,2797.5000
Reviews,Large Length,SmartRoute+/UNG+,6.7494,OK (Recall>=0.9),99890.7861,0.9600,300.3280,14799.9783,0.9200,2027.0300
Reviews,Large Length,SmartRoute+/SmartRoute,3.2873,OK (Recall>=0.9),99890.7861,0.9600,300.3280,30386.8243,0.9600,987.2700
Reviews,Large Length,SmartRoute/UNG+,2.0532,OK (Recall>=0.9),30386.8243,0.9600,987.2700,14799.9783,0.9200,2027.0300
Reviews,Small p_pass,SmartRoute+/ACORN-gamma,inf,"Infinity (Num>=0.9, Den Failed)",186033.8209,0.9500,161.2610,,,
Reviews,Small p_pass,SmartRoute+/NaviX,18.2094,OK (Recall>=0.9),186033.8209,0.9500,161.2610,10216.3482,0.9080,2936.4700
Reviews,Small p_pass,SmartRoute+/pre-filtering,19.9841,OK (Recall>=0.9),186033.8209,0.9500,161.2610,9309.1090,1.0000,3222.6500
Reviews,Small p_pass,SmartRoute+/Milvus-HNSW,71.7359,OK (Recall>=0.9),186033.8209,0.9500,161.2610,2593.3162,0.9500,11568.2000
Reviews,Small p_pass,SmartRoute+/Milvus-IVF,82.2499,OK (Recall>=0.9),186033.8209,0.9500,161.2610,2261.8123,0.9040,13263.7000
Reviews,Small p_pass,SmartRoute+/UNG,12.4112,OK (Recall>=0.9),186033.8209,0.9500,161.2610,14989.2452,0.9000,2001.4350
Reviews,Small p_pass,UNG+/UNG,1.6789,OK (Recall>=0.9),25164.8296,0.9100,1192.1400,14989.2452,0.9000,2001.4350
Reviews,Small p_pass,SmartRoute+/UNG+,7.3926,OK (Recall>=0.9),186033.8209,0.9500,161.2610,25164.8296,0.9100,1192.1400
Reviews,Small p_pass,SmartRoute+/SmartRoute,3.1741,OK (Recall>=0.9),186033.8209,0.9500,161.2610,58609.5013,0.9500,511.8624
Reviews,Small p_pass,SmartRoute/UNG+,2.3290,OK (Recall>=0.9),58609.5013,0.9500,511.8624,25164.8296,0.9100,1192.1400
Reviews,Large p_pass,SmartRoute+/ACORN-gamma,5.6645,OK (Recall>=0.9),72322.2680,0.9500,414.8100,12767.6417,0.9030,2349.6900
Reviews,Large p_pass,SmartRoute+/NaviX,5.3108,OK (Recall>=0.9),72322.2680,0.9500,414.8100,13617.8557,0.9520,2202.9900
Reviews,Large p_pass,SmartRoute+/pre-filtering,8.6780,OK (Recall>=0.9),72322.2680,0.9500,414.8100,8333.9815,1.0000,3599.7200
Reviews,Large p_pass,SmartRoute+/Milvus-HNSW,49.6745,OK (Recall>=0.9),72322.2680,0.9500,414.8100,1455.9220,0.9500,20605.5000
Reviews,Large p_pass,SmartRoute+/Milvus-IVF,44.0006,OK (Recall>=0.9),72322.2680,0.9500,414.8100,1643.6645,0.9070,18251.9000
Reviews,Large p_pass,SmartRoute+/UNG,11.8334,OK (Recall>=0.9),72322.2680,0.9500,414.8100,6111.7098,0.9020,4908.6100
Reviews,Large p_pass,UNG+/UNG,2.4103,OK (Recall>=0.9),14730.8671,0.9000,2036.5400,6111.7098,0.9020,4908.6100
Reviews,Large p_pass,SmartRoute+/UNG+,4.9096,OK (Recall>=0.9),72322.2680,0.9500,414.8100,14730.8671,0.9000,2036.5400
Reviews,Large p_pass,SmartRoute+/SmartRoute,2.5694,OK (Recall>=0.9),72322.2680,0.9500,414.8100,28147.2495,0.9500,1065.8235
Reviews,Large p_pass,SmartRoute/UNG+,1.9108,OK (Recall>=0.9),28147.2495,0.9500,1065.8235,14730.8671,0.9000,2036.5400
Reviews,th=10,SmartRoute+/ACORN-gamma,inf,"Infinity (Num>=0.9, Den Failed)",28859.7485,0.9500,2079.0202,,,
Reviews,th=10,SmartRoute+/NaviX,7.6672,OK (Recall>=0.9),28859.7485,0.9500,2079.0202,3764.0446,0.9050,15940.3000
Reviews,th=10,SmartRoute+/pre-filtering,5.5191,OK (Recall>=0.9),28859.7485,0.9500,2079.0202,5229.0316,1.0000,11474.4000
Reviews,th=10,SmartRoute+/Milvus-HNSW,53.5879,OK (Recall>=0.9),28859.7485,0.9500,2079.0202,538.5501,0.9500,111410.2500
Reviews,th=10,SmartRoute+/Milvus-IVF,15.6589,OK (Recall>=0.9),28859.7485,0.9500,2079.0202,1843.0292,0.9135,32555.1000
Reviews,th=10,SmartRoute+/UNG,16.2430,OK (Recall>=0.9),28859.7485,0.9500,2079.0202,1776.7459,0.9000,33769.6000
Reviews,th=10,UNG+/UNG,3.0160,OK (Recall>=0.9),5358.5782,0.9000,11197.0000,1776.7459,0.9000,33769.6000
Reviews,th=10,SmartRoute+/UNG+,5.3857,OK (Recall>=0.9),28859.7485,0.9500,2079.0202,5358.5782,0.9000,11197.0000
Reviews,th=10,SmartRoute+/SmartRoute,2.4438,OK (Recall>=0.9),28859.7485,0.9500,2079.0202,11809.3917,0.9500,5080.7020
Reviews,th=10,SmartRoute/UNG+,2.2038,OK (Recall>=0.9),11809.3917,0.9500,5080.7020,5358.5782,0.9000,11197.0000
Reviews,K=20,SmartRoute+/ACORN-gamma,inf,"Infinity (Num>=0.9, Den Failed)",94828.6912,0.9500,632.7199,,,
Reviews,K=20,SmartRoute+/NaviX,6.3197,OK (Recall>=0.9),94828.6912,0.9500,632.7199,15005.3644,0.9127,3998.5700
Reviews,K=20,SmartRoute+/pre-filtering,10.8484,OK (Recall>=0.9),94828.6912,0.9500,632.7199,8741.2205,1.0000,6864.0300
Reviews,K=20,SmartRoute+/Milvus-HNSW,51.7931,OK (Recall>=0.9),94828.6912,0.9500,632.7199,1830.9150,0.9400,32770.5000
Reviews,K=20,SmartRoute+/Milvus-IVF,60.0132,OK (Recall>=0.9),94828.6912,0.9500,632.7199,1580.1304,0.9165,37971.5500
Reviews,K=20,SmartRoute+/UNG,9.4233,OK (Recall>=0.9),94828.6912,0.9500,632.7199,10063.1631,0.9066,5962.3400
Reviews,K=20,UNG+/UNG,1.6449,OK (Recall>=0.9),16552.7287,0.9027,3624.7800,10063.1631,0.9066,5962.3400
Reviews,K=20,SmartRoute+/UNG+,5.7289,OK (Recall>=0.9),94828.6912,0.9500,632.7199,16552.7287,0.9027,3624.7800
Reviews,K=20,SmartRoute+/SmartRoute,3.2358,OK (Recall>=0.9),94828.6912,0.9500,632.7199,29306.0331,0.9500,2047.3600
Reviews,K=20,SmartRoute/UNG+,1.7705,OK (Recall>=0.9),29306.0331,0.9500,2047.3600,16552.7287,0.9027,3624.7800
Amazon,Mixed,SmartRoute+/ACORN-gamma,inf,"Infinity (Num>=0.9, Den Failed)",74842.3633,0.9600,801.6850,,,
Amazon,Mixed,SmartRoute+/NaviX,inf,"Infinity (Num>=0.9, Den Failed)",74842.3633,0.9600,801.6850,,,
Amazon,Mixed,SmartRoute+/pre-filtering,21.1213,OK (Recall>=0.9),74842.3633,0.9600,801.6850,3543.4605,1.0000,16932.6000
Amazon,Mixed,SmartRoute+/Milvus-HNSW,54.5583,OK (Recall>=0.9),74842.3633,0.9600,801.6850,1371.7860,0.9200,43738.6000
Amazon,Mixed,SmartRoute+/Milvus-IVF,14.7513,OK (Recall>=0.9),74842.3633,0.9600,801.6850,5073.6096,1.0000,11825.9000
Amazon,Mixed,SmartRoute+/UNG,24.6501,OK (Recall>=0.9),74842.3633,0.9600,801.6850,3036.1914,0.9000,19761.6000
Amazon,Mixed,UNG+/UNG,2.8408,OK (Recall>=0.9),8625.3121,0.9500,6956.2700,3036.1914,0.9000,19761.6000
Amazon,Mixed,SmartRoute+/UNG+,8.6771,OK (Recall>=0.9),74842.3633,0.9600,801.6850,8625.3121,0.9500,6956.2700
Amazon,Mixed,SmartRoute+/SmartRoute,1.8113,OK (Recall>=0.9),74842.3633,0.9600,801.6850,41320.3220,0.9600,1452.0700
Amazon,Mixed,SmartRoute/UNG+,4.7906,OK (Recall>=0.9),41320.3220,0.9600,1452.0700,8625.3121,0.9500,6956.2700
Amazon,Small Length,SmartRoute+/ACORN-gamma,inf,"Infinity (Num>=0.9, Den Failed)",56634.7624,0.9600,529.7100,,,
Amazon,Small Length,SmartRoute+/NaviX,inf,"Infinity (Num>=0.9, Den Failed)",56634.7624,0.9600,529.7100,,,
Amazon,Small Length,SmartRoute+/pre-filtering,18.1111,OK (Recall>=0.9),56634.7624,0.9600,529.7100,3127.0815,1.0000,9593.6100
Amazon,Small Length,SmartRoute+/Milvus-HNSW,54.5669,OK (Recall>=0.9),56634.7624,0.9600,529.7100,1037.8956,0.9200,28904.6400
Amazon,Small Length,SmartRoute+/Milvus-IVF,136.6214,OK (Recall>=0.9),56634.7624,0.9600,529.7100,414.5381,0.9000,72369.7000
Amazon,Small Length,SmartRoute+/UNG,32.6401,OK (Recall>=0.9),56634.7624,0.9600,529.7100,1735.1271,0.9300,17289.8000
Amazon,Small Length,UNG+/UNG,4.6139,OK (Recall>=0.9),8005.7214,0.9380,3747.3200,1735.1271,0.9300,17289.8000
Amazon,Small Length,SmartRoute+/UNG+,7.0743,OK (Recall>=0.9),56634.7624,0.9600,529.7100,8005.7214,0.9380,3747.3200
Amazon,Small Length,SmartRoute+/SmartRoute,1.6659,OK (Recall>=0.9),56634.7624,0.9600,529.7100,33996.1063,0.9600,882.4540
Amazon,Small Length,SmartRoute/UNG+,4.2465,OK (Recall>=0.9),33996.1063,0.9600,882.4540,8005.7214,0.9380,3747.3200
Amazon,Large Length,SmartRoute+/ACORN-gamma,inf,"Infinity (Num>=0.9, Den Failed)",109042.9302,0.9600,275.1210,,,
Amazon,Large Length,SmartRoute+/NaviX,inf,"Infinity (Num>=0.9, Den Failed)",109042.9302,0.9600,275.1210,,,
Amazon,Large Length,SmartRoute+/pre-filtering,25.2528,OK (Recall>=0.9),109042.9302,0.9600,275.1210,4318.0565,1.0000,6947.5700
Amazon,Large Length,SmartRoute+/Milvus-HNSW,70.9030,OK (Recall>=0.9),109042.9302,0.9600,275.1210,1537.9174,0.9000,19506.9000
Amazon,Large Length,SmartRoute+/Milvus-IVF,42.4170,OK (Recall>=0.9),109042.9302,0.9600,275.1210,2570.7381,0.9000,11669.8000
Amazon,Large Length,SmartRoute+/UNG,13.7915,OK (Recall>=0.9),109042.9302,0.9600,275.1210,7906.5134,0.9200,3794.3400
Amazon,Large Length,UNG+/UNG,1.7152,OK (Recall>=0.9),13561.3570,0.9200,2212.1680,7906.5134,0.9200,3794.3400
Amazon,Large Length,SmartRoute+/UNG+,8.0407,OK (Recall>=0.9),109042.9302,0.9600,275.1210,13561.3570,0.9200,2212.1680
Amazon,Large Length,SmartRoute+/SmartRoute,3.0264,OK (Recall>=0.9),109042.9302,0.9600,275.1210,36031.0588,0.9600,832.6150
Amazon,Large Length,SmartRoute/UNG+,2.6569,OK (Recall>=0.9),36031.0588,0.9600,832.6150,13561.3570,0.9200,2212.1680
Amazon,Small p_pass,SmartRoute+/ACORN-gamma,inf,"Infinity (Num>=0.9, Den Failed)",110389.8971,0.9500,271.7640,,,
Amazon,Small p_pass,SmartRoute+/NaviX,inf,"Infinity (Num>=0.9, Den Failed)",110389.8971,0.9500,271.7640,,,
Amazon,Small p_pass,SmartRoute+/pre-filtering,22.6832,OK (Recall>=0.9),110389.8971,0.9500,271.7640,4866.5826,1.0000,6164.4900
Amazon,Small p_pass,SmartRoute+/Milvus-HNSW,66.9334,OK (Recall>=0.9),110389.8971,0.9500,271.7640,1649.2488,0.9200,18190.1000
Amazon,Small p_pass,SmartRoute+/Milvus-IVF,55.8385,OK (Recall>=0.9),110389.8971,0.9500,271.7640,1976.9488,0.9100,15174.9000
Amazon,Small p_pass,SmartRoute+/UNG,16.5287,OK (Recall>=0.9),110389.8971,0.9500,271.7640,6678.6987,0.9800,4491.8930
Amazon,Small p_pass,UNG+/UNG,2.1077,OK (Recall>=0.9),14076.7351,0.9200,2131.1760,6678.6987,0.9800,4491.8930
Amazon,Small p_pass,SmartRoute+/UNG+,7.8420,OK (Recall>=0.9),110389.8971,0.9500,271.7640,14076.7351,0.9200,2131.1760
Amazon,Small p_pass,SmartRoute+/SmartRoute,2.8268,OK (Recall>=0.9),110389.8971,0.9500,271.7640,39051.0593,0.9500,768.2250
Amazon,Small p_pass,SmartRoute/UNG+,2.7742,OK (Recall>=0.9),39051.0593,0.9500,768.2250,14076.7351,0.9200,2131.1760
Amazon,Large p_pass,SmartRoute+/ACORN-gamma,inf,"Infinity (Num>=0.9, Den Failed)",53769.9935,0.9500,557.9320,,,
Amazon,Large p_pass,SmartRoute+/NaviX,inf,"Infinity (Num>=0.9, Den Failed)",53769.9935,0.9500,557.9320,,,
Amazon,Large p_pass,SmartRoute+/pre-filtering,19.2803,OK (Recall>=0.9),53769.9935,0.9500,557.9320,2788.8557,1.0000,10757.1000
Amazon,Large p_pass,SmartRoute+/Milvus-HNSW,45.2193,OK (Recall>=0.9),53769.9935,0.9500,557.9320,1189.0936,0.9000,25229.3000
Amazon,Large p_pass,SmartRoute+/Milvus-IVF,130.6258,OK (Recall>=0.9),53769.9935,0.9500,557.9320,411.6339,0.9100,72880.3000
Amazon,Large p_pass,SmartRoute+/UNG,31.3601,OK (Recall>=0.9),53769.9935,0.9500,557.9320,1714.5992,0.9200,17496.8000
Amazon,Large p_pass,UNG+/UNG,4.1797,OK (Recall>=0.9),7166.5751,0.9100,4186.1000,1714.5992,0.9200,17496.8000
Amazon,Large p_pass,SmartRoute+/UNG+,7.5029,OK (Recall>=0.9),53769.9935,0.9500,557.9320,7166.5751,0.9100,4186.1000
Amazon,Large p_pass,SmartRoute+/SmartRoute,1.6594,OK (Recall>=0.9),53769.9935,0.9500,557.9320,32403.9520,0.9500,925.8130
Amazon,Large p_pass,SmartRoute/UNG+,4.5215,OK (Recall>=0.9),32403.9520,0.9500,925.8130,7166.5751,0.9100,4186.1000
Amazon,th=10,SmartRoute+/ACORN-gamma,inf,"Infinity (Num>=0.9, Den Failed)",42504.4771,0.9600,1411.6160,,,
Amazon,th=10,SmartRoute+/NaviX,inf,"Infinity (Num>=0.9, Den Failed)",42504.4771,0.9600,1411.6160,,,
Amazon,th=10,SmartRoute+/pre-filtering,26.7061,OK (Recall>=0.9),42504.4771,0.9600,1411.6160,1591.5626,1.0000,37698.8000
Amazon,th=10,SmartRoute+/Milvus-HNSW,93.2176,OK (Recall>=0.9),42504.4771,0.9600,1411.6160,455.9704,0.9000,131587.5000
Amazon,th=10,SmartRoute+/Milvus-IVF,107.4260,OK (Recall>=0.9),42504.4771,0.9600,1411.6160,395.6629,0.9130,151644.2500
Amazon,th=10,SmartRoute+/UNG,74.2794,OK (Recall>=0.9),42504.4771,0.9600,1411.6160,572.2242,0.9000,104854.0000
Amazon,th=10,UNG+/UNG,3.1902,OK (Recall>=0.9),1825.5282,0.9000,32867.2000,572.2242,0.9000,104854.0000
Amazon,th=10,SmartRoute+/UNG+,23.2834,OK (Recall>=0.9),42504.4771,0.9600,1411.6160,1825.5282,0.9000,32867.2000
Amazon,th=10,SmartRoute+/SmartRoute,2.2016,OK (Recall>=0.9),42504.4771,0.9600,1411.6160,19306.1374,0.9600,3107.8200
Amazon,th=10,SmartRoute/UNG+,10.5756,OK (Recall>=0.9),19306.1374,0.9600,3107.8200,1825.5282,0.9000,32867.2000
Amazon,K=20,SmartRoute+/ACORN-gamma,inf,"Infinity (Num>=0.9, Den Failed)",95044.3857,0.9600,631.2840,,,
Amazon,K=20,SmartRoute+/NaviX,inf,"Infinity (Num>=0.9, Den Failed)",95044.3857,0.9600,631.2840,,,
Amazon,K=20,SmartRoute+/pre-filtering,27.6066,OK (Recall>=0.9),95044.3857,0.9600,631.2840,3442.8148,1.0000,17427.6000
Amazon,K=20,SmartRoute+/Milvus-HNSW,69.4803,OK (Recall>=0.9),95044.3857,0.9600,631.2840,1367.9329,0.9000,43861.8000
Amazon,K=20,SmartRoute+/Milvus-IVF,138.1815,OK (Recall>=0.9),95044.3857,0.9600,631.2840,687.8226,0.9000,87231.8000
Amazon,K=20,SmartRoute+/UNG,30.7858,OK (Recall>=0.9),95044.3857,0.9600,631.2840,3087.2773,0.9370,19434.6000
Amazon,K=20,UNG+/UNG,3.0490,OK (Recall>=0.9),9413.2561,0.9250,6373.9900,3087.2773,0.9370,19434.6000
Amazon,K=20,SmartRoute+/UNG+,10.0969,OK (Recall>=0.9),95044.3857,0.9600,631.2840,9413.2561,0.9250,6373.9900
Amazon,K=20,SmartRoute+/SmartRoute,2.2001,OK (Recall>=0.9),95044.3857,0.9600,631.2840,43199.9032,0.9600,1388.8920
Amazon,K=20,SmartRoute/UNG+,4.5893,OK (Recall>=0.9),43199.9032,0.9600,1388.8920,9413.2561,0.9250,6373.9900
VariousImg,Mixed,SmartRoute+/ACORN-gamma,inf,"Infinity (Num>=0.9, Den Failed)",58767.0669,0.9600,1020.9800,,,
VariousImg,Mixed,SmartRoute+/NaviX,9.7959,OK (Recall>=0.9),58767.0669,0.9600,1020.9800,5999.1601,0.9000,10001.4000
VariousImg,Mixed,SmartRoute+/pre-filtering,13.5588,OK (Recall>=0.9),58767.0669,0.9600,1020.9800,4334.2267,1.0000,13843.3000
VariousImg,Mixed,SmartRoute+/Milvus-HNSW,73.0319,OK (Recall>=0.9),58767.0669,0.9600,1020.9800,804.6768,0.9160,74564.1000
VariousImg,Mixed,SmartRoute+/Milvus-IVF,15.2654,OK (Recall>=0.9),58767.0669,0.9600,1020.9800,3849.6827,0.9010,15585.7000
VariousImg,Mixed,SmartRoute+/UNG,6.3539,OK (Recall>=0.9),58767.0669,0.9600,1020.9800,9248.9527,0.9200,6487.2210
VariousImg,Mixed,UNG+/UNG,1.5274,OK (Recall>=0.9),14127.1139,0.9100,4247.1520,9248.9527,0.9200,6487.2210
VariousImg,Mixed,SmartRoute+/UNG+,4.1599,OK (Recall>=0.9),58767.0669,0.9600,1020.9800,14127.1139,0.9100,4247.1520
VariousImg,Mixed,SmartRoute+/SmartRoute,1.8099,OK (Recall>=0.9),58767.0669,0.9600,1020.9800,32469.8166,0.9600,1847.8700
VariousImg,Mixed,SmartRoute/UNG+,2.2984,OK (Recall>=0.9),32469.8166,0.9600,1847.8700,14127.1139,0.9100,4247.1520
VariousImg,Small Length,SmartRoute+/ACORN-gamma,8.4823,OK (Recall>=0.9),52206.3264,0.9600,574.6430,6154.7703,0.9050,4874.2680
VariousImg,Small Length,SmartRoute+/NaviX,8.0464,OK (Recall>=0.9),52206.3264,0.9600,574.6430,6488.1559,0.9000,4623.8100
VariousImg,Small Length,SmartRoute+/pre-filtering,9.5080,OK (Recall>=0.9),52206.3264,0.9600,574.6430,5490.7746,1.0000,5463.7100
VariousImg,Small Length,SmartRoute+/Milvus-HNSW,70.3155,OK (Recall>=0.9),52206.3264,0.9600,574.6430,742.4585,0.9160,40406.3000
VariousImg,Small Length,SmartRoute+/Milvus-IVF,15.0609,OK (Recall>=0.9),52206.3264,0.9600,574.6430,3466.3487,0.9110,8654.6400
VariousImg,Small Length,SmartRoute+/UNG,6.7818,OK (Recall>=0.9),52206.3264,0.9600,574.6430,7698.0232,0.9000,3897.1044
VariousImg,Small Length,UNG+/UNG,1.4950,OK (Recall>=0.9),11508.4952,0.9200,2606.7700,7698.0232,0.9000,3897.1044
VariousImg,Small Length,SmartRoute+/UNG+,4.5363,OK (Recall>=0.9),52206.3264,0.9600,574.6430,11508.4952,0.9200,2606.7700
VariousImg,Small Length,SmartRoute+/SmartRoute,2.1831,OK (Recall>=0.9),52206.3264,0.9600,574.6430,23913.5287,0.9600,1254.5200
VariousImg,Small Length,SmartRoute/UNG+,2.0779,OK (Recall>=0.9),23913.5287,0.9600,1254.5200,11508.4952,0.9200,2606.7700
VariousImg,Large Length,SmartRoute+/ACORN-gamma,inf,"Infinity (Num>=0.9, Den Failed)",69412.6303,0.9600,432.1980,,,
VariousImg,Large Length,SmartRoute+/NaviX,11.7023,OK (Recall>=0.9),69412.6303,0.9600,432.1980,5931.5382,0.9300,5057.7100
VariousImg,Large Length,SmartRoute+/pre-filtering,12.4814,OK (Recall>=0.9),69412.6303,0.9600,432.1980,5561.2713,1.0000,5394.4500
VariousImg,Large Length,SmartRoute+/Milvus-HNSW,82.8477,OK (Recall>=0.9),69412.6303,0.9600,432.1980,837.8344,0.9160,35806.6000
VariousImg,Large Length,SmartRoute+/Milvus-IVF,18.0655,OK (Recall>=0.9),69412.6303,0.9600,432.1980,3842.2820,0.9350,7807.8600
VariousImg,Large Length,SmartRoute+/UNG,6.9781,OK (Recall>=0.9),69412.6303,0.9600,432.1980,9947.2616,0.9000,3015.9054
VariousImg,Large Length,UNG+/UNG,1.4241,OK (Recall>=0.9),14166.3125,0.9200,2117.7000,9947.2616,0.9000,3015.9054
VariousImg,Large Length,SmartRoute+/UNG+,4.8998,OK (Recall>=0.9),69412.6303,0.9600,432.1980,14166.3125,0.9200,2117.7000
VariousImg,Large Length,SmartRoute+/SmartRoute,1.5918,OK (Recall>=0.9),69412.6303,0.9600,432.1980,43606.7428,0.9600,687.9670
VariousImg,Large Length,SmartRoute/UNG+,3.0782,OK (Recall>=0.9),43606.7428,0.9600,687.9670,14166.3125,0.9200,2117.7000
VariousImg,Small p_pass,SmartRoute+/ACORN-gamma,inf,"Infinity (Num>=0.9, Den Failed)",78318.5529,0.9986,383.0510,,,
VariousImg,Small p_pass,SmartRoute+/NaviX,13.1601,OK (Recall>=0.9),78318.5529,0.9986,383.0510,5951.2002,0.9710,5041.0000
VariousImg,Small p_pass,SmartRoute+/pre-filtering,11.3389,OK (Recall>=0.9),78318.5529,0.9986,383.0510,6907.0473,1.0000,4343.3900
VariousImg,Small p_pass,SmartRoute+/Milvus-HNSW,78.0105,OK (Recall>=0.9),78318.5529,0.9986,383.0510,1003.9489,1.0000,29882.0000
VariousImg,Small p_pass,SmartRoute+/Milvus-IVF,15.5902,OK (Recall>=0.9),78318.5529,0.9986,383.0510,5023.5689,0.9320,5971.8500
VariousImg,Small p_pass,SmartRoute+/UNG,3.9783,OK (Recall>=0.9),78318.5529,0.9986,383.0510,19686.4603,0.9960,1523.8900
VariousImg,Small p_pass,UNG+/UNG,1.1362,OK (Recall>=0.9),22368.1621,1.0000,1341.1920,19686.4603,0.9960,1523.8900
VariousImg,Small p_pass,SmartRoute+/UNG+,3.5013,OK (Recall>=0.9),78318.5529,0.9986,383.0510,22368.1621,1.0000,1341.1920
VariousImg,Small p_pass,SmartRoute+/SmartRoute,1.9133,OK (Recall>=0.9),78318.5529,0.9986,383.0510,40934.5634,0.9986,732.8770
VariousImg,Small p_pass,SmartRoute/UNG+,1.8300,OK (Recall>=0.9),40934.5634,0.9986,732.8770,22368.1621,1.0000,1341.1920
VariousImg,Large p_pass,SmartRoute+/ACORN-gamma,7.5407,OK (Recall>=0.9),47220.1498,1.0000,635.3220,6262.0545,0.9600,4790.7600
VariousImg,Large p_pass,SmartRoute+/NaviX,7.5591,OK (Recall>=0.9),47220.1498,1.0000,635.3220,6246.8115,0.9980,4802.4500
VariousImg,Large p_pass,SmartRoute+/pre-filtering,10.1845,OK (Recall>=0.9),47220.1498,1.0000,635.3220,4636.4914,1.0000,6470.4100
VariousImg,Large p_pass,SmartRoute+/Milvus-HNSW,69.7555,OK (Recall>=0.9),47220.1498,1.0000,635.3220,676.9381,0.9990,44317.2000
VariousImg,Large p_pass,SmartRoute+/Milvus-IVF,15.2762,OK (Recall>=0.9),47220.1498,1.0000,635.3220,3091.0850,0.9090,9705.3300
VariousImg,Large p_pass,SmartRoute+/UNG,3.7575,OK (Recall>=0.9),47220.1498,1.0000,635.3220,12567.0241,0.9164,2387.2000
VariousImg,Large p_pass,UNG+/UNG,1.2563,OK (Recall>=0.9),15788.3868,0.9790,1900.1308,12567.0241,0.9164,2387.2000
VariousImg,Large p_pass,SmartRoute+/UNG+,2.9908,OK (Recall>=0.9),47220.1498,1.0000,635.3220,15788.3868,0.9790,1900.1308
VariousImg,Large p_pass,SmartRoute+/SmartRoute,2.3306,OK (Recall>=0.9),47220.1498,1.0000,635.3220,20261.2349,1.0000,1480.6600
VariousImg,Large p_pass,SmartRoute/UNG+,1.2833,OK (Recall>=0.9),20261.2349,1.0000,1480.6600,15788.3868,0.9790,1900.1308
VariousImg,th=10,SmartRoute+/ACORN-gamma,inf,"Infinity (Num>=0.9, Den Failed)",21463.5263,0.9993,2795.4400,,,
VariousImg,th=10,SmartRoute+/NaviX,10.4821,OK (Recall>=0.9),21463.5263,0.9993,2795.4400,2047.6278,0.9845,29302.2000
VariousImg,th=10,SmartRoute+/pre-filtering,9.5147,OK (Recall>=0.9),21463.5263,0.9993,2795.4400,2255.8172,1.0000,26597.9000
VariousImg,th=10,SmartRoute+/Milvus-HNSW,26.8410,OK (Recall>=0.9),21463.5263,0.9993,2795.4400,799.6535,1.0000,75032.5000
VariousImg,th=10,SmartRoute+/Milvus-IVF,5.3412,OK (Recall>=0.9),21463.5263,0.9993,2795.4400,4018.4850,0.9010,14931.0000
VariousImg,th=10,SmartRoute+/UNG,5.3236,OK (Recall>=0.9),21463.5263,0.9993,2795.4400,4031.7487,0.9562,14881.8800
VariousImg,th=10,UNG+/UNG,1.2128,OK (Recall>=0.9),4889.8560,0.9895,12270.3000,4031.7487,0.9562,14881.8800
VariousImg,th=10,SmartRoute+/UNG+,4.3894,OK (Recall>=0.9),21463.5263,0.9993,2795.4400,4889.8560,0.9895,12270.3000
VariousImg,th=10,SmartRoute+/SmartRoute,1.7188,OK (Recall>=0.9),21463.5263,0.9993,2795.4400,12487.7204,0.9993,4804.7200
VariousImg,th=10,SmartRoute/UNG+,2.5538,OK (Recall>=0.9),12487.7204,0.9993,4804.7200,4889.8560,0.9895,12270.3000
VariousImg,K=20,SmartRoute+/ACORN-gamma,inf,"Infinity (Num>=0.9, Den Failed)",58604.0515,0.9996,1023.8200,,,
VariousImg,K=20,SmartRoute+/NaviX,9.2107,OK (Recall>=0.9),58604.0515,0.9996,1023.8200,6362.5779,0.9842,9430.1400
VariousImg,K=20,SmartRoute+/pre-filtering,10.7717,OK (Recall>=0.9),58604.0515,0.9996,1023.8200,5440.5484,1.0000,11028.3000
VariousImg,K=20,SmartRoute+/Milvus-HNSW,72.3752,OK (Recall>=0.9),58604.0515,0.9996,1023.8200,809.7253,0.9990,74099.2000
VariousImg,K=20,SmartRoute+/Milvus-IVF,16.8756,OK (Recall>=0.9),58604.0515,0.9996,1023.8200,3472.7045,0.9160,17277.6000
VariousImg,K=20,SmartRoute+/UNG,6.2144,OK (Recall>=0.9),58604.0515,0.9996,1023.8200,9430.3918,0.9576,6362.4080
VariousImg,K=20,UNG+/UNG,1.2305,OK (Recall>=0.9),11603.7325,0.9879,5170.7500,9430.3918,0.9576,6362.4080
VariousImg,K=20,SmartRoute+/UNG+,5.0504,OK (Recall>=0.9),58604.0515,0.9996,1023.8200,11603.7325,0.9879,5170.7500
VariousImg,K=20,SmartRoute+/SmartRoute,1.7690,OK (Recall>=0.9),58604.0515,0.9996,1023.8200,33129.2205,0.9996,1811.0900
VariousImg,K=20,SmartRoute/UNG+,2.8550,OK (Recall>=0.9),33129.2205,0.9996,1811.0900,11603.7325,0.9879,5170.7500
Music,Mixed,SmartRoute+/ACORN-gamma,inf,"Infinity (Num>=0.9, Den Failed)",80591.0007,0.9010,744.5000,,,
Music,Mixed,SmartRoute+/NaviX,inf,"Infinity (Num>=0.9, Den Failed)",80591.0007,0.9010,744.5000,,,
Music,Mixed,SmartRoute+/pre-filtering,20.4290,OK (Recall>=0.9),80591.0007,0.9010,744.5000,3944.9288,1.0000,15209.4000
Music,Mixed,SmartRoute+/Milvus-HNSW,126.8314,OK (Recall>=0.9),80591.0007,0.9010,744.5000,635.4182,0.9200,94426.0000
Music,Mixed,SmartRoute+/Milvus-IVF,162.4876,OK (Recall>=0.9),80591.0007,0.9010,744.5000,495.9825,0.9025,120972.0000
Music,Mixed,SmartRoute+/UNG,75.4912,OK (Recall>=0.9),80591.0007,0.9010,744.5000,1067.5551,0.9100,56203.1900
Music,Mixed,UNG+/UNG,11.9631,OK (Recall>=0.9),12771.2833,0.9000,4698.0400,1067.5551,0.9100,56203.1900
Music,Mixed,SmartRoute+/UNG+,6.3103,OK (Recall>=0.9),80591.0007,0.9010,744.5000,12771.2833,0.9000,4698.0400
Music,Mixed,SmartRoute+/SmartRoute,2.0388,OK (Recall>=0.9),80591.0007,0.9010,744.5000,39528.3087,0.9000,1517.8995
Music,Mixed,SmartRoute/UNG+,3.0951,OK (Recall>=0.9),39528.3087,0.9000,1517.8995,12771.2833,0.9000,4698.0400
Music,Small Length,SmartRoute+/ACORN-gamma,inf,"Infinity (Num>=0.9, Den Failed)",69910.3516,0.9000,429.1210,,,
Music,Small Length,SmartRoute+/NaviX,inf,"Infinity (Num>=0.9, Den Failed)",69910.3516,0.9000,429.1210,,,
Music,Small Length,SmartRoute+/pre-filtering,22.9006,OK (Recall>=0.9),69910.3516,0.9000,429.1210,3052.7764,1.0000,9827.1200
Music,Small Length,SmartRoute+/Milvus-HNSW,99.1494,OK (Recall>=0.9),69910.3516,0.9000,429.1210,705.1011,0.9100,42547.0900
Music,Small Length,SmartRoute+/Milvus-IVF,202.6438,OK (Recall>=0.9),69910.3516,0.9000,429.1210,344.9914,0.9180,86958.7000
Music,Small Length,SmartRoute+/UNG,144.6965,OK (Recall>=0.9),69910.3516,0.9000,429.1210,483.1517,0.9100,62092.3000
Music,Small Length,UNG+/UNG,22.1975,OK (Recall>=0.9),10724.7807,0.9100,2797.2600,483.1517,0.9100,62092.3000
Music,Small Length,SmartRoute+/UNG+,6.5186,OK (Recall>=0.9),69910.3516,0.9000,429.1210,10724.7807,0.9100,2797.2600
Music,Small Length,SmartRoute+/SmartRoute,1.9645,OK (Recall>=0.9),69910.3516,0.9000,429.1210,35586.7665,0.9000,843.0100
Music,Small Length,SmartRoute/UNG+,3.3182,OK (Recall>=0.9),35586.7665,0.9000,843.0100,10724.7807,0.9100,2797.2600
Music,Large Length,SmartRoute+/ACORN-gamma,inf,"Infinity (Num>=0.9, Den Failed)",90602.1418,0.9200,331.1180,,,
Music,Large Length,SmartRoute+/NaviX,inf,"Infinity (Num>=0.9, Den Failed)",90602.1418,0.9200,331.1180,,,
Music,Large Length,SmartRoute+/pre-filtering,19.1678,OK (Recall>=0.9),90602.1418,0.9200,331.1180,4726.7840,1.0000,6346.8100
Music,Large Length,SmartRoute+/Milvus-HNSW,135.1702,OK (Recall>=0.9),90602.1418,0.9200,331.1180,670.2817,0.9300,44757.3000
Music,Large Length,SmartRoute+/Milvus-IVF,119.3300,OK (Recall>=0.9),90602.1418,0.9200,331.1180,759.2572,0.9070,39512.3000
Music,Large Length,SmartRoute+/UNG,6.2298,OK (Recall>=0.9),90602.1418,0.9200,331.1180,14543.4097,0.9000,2062.7900
Music,Large Length,UNG+/UNG,1.8758,OK (Recall>=0.9),27281.1596,0.9000,1099.6600,14543.4097,0.9000,2062.7900
Music,Large Length,SmartRoute+/UNG+,3.3211,OK (Recall>=0.9),90602.1418,0.9200,331.1180,27281.1596,0.9000,1099.6600
Music,Large Length,SmartRoute+/SmartRoute,2.1015,OK (Recall>=0.9),90602.1418,0.9200,331.1180,43113.7435,0.9200,695.8338
Music,Large Length,SmartRoute/UNG+,1.5803,OK (Recall>=0.9),43113.7435,0.9200,695.8338,27281.1596,0.9000,1099.6600
Music,Small p_pass,SmartRoute+/ACORN-gamma,inf,"Infinity (Num>=0.9, Den Failed)",95884.9381,0.9500,312.8750,,,
Music,Small p_pass,SmartRoute+/NaviX,inf,"Infinity (Num>=0.9, Den Failed)",95884.9381,0.9500,312.8750,,,
Music,Small p_pass,SmartRoute+/pre-filtering,17.3869,OK (Recall>=0.9),95884.9381,0.9500,312.8750,5514.7667,1.0000,5439.9400
Music,Small p_pass,SmartRoute+/Milvus-HNSW,141.5329,OK (Recall>=0.9),95884.9381,0.9500,312.8750,677.4746,0.9100,44282.1000
Music,Small p_pass,SmartRoute+/Milvus-IVF,150.8551,OK (Recall>=0.9),95884.9381,0.9500,312.8750,635.6094,0.9000,47198.8000
Music,Small p_pass,SmartRoute+/UNG,9.7858,OK (Recall>=0.9),95884.9381,0.9500,312.8750,9798.4204,0.9100,3061.7180
Music,Small p_pass,UNG+/UNG,1.3250,OK (Recall>=0.9),12982.5562,0.9100,2310.7930,9798.4204,0.9100,3061.7180
Music,Small p_pass,SmartRoute+/UNG+,7.3857,OK (Recall>=0.9),95884.9381,0.9500,312.8750,12982.5562,0.9100,2310.7930
Music,Small p_pass,SmartRoute+/SmartRoute,4.3008,OK (Recall>=0.9),95884.9381,0.9500,312.8750,22294.6253,0.9500,1345.6158
Music,Small p_pass,SmartRoute/UNG+,1.7173,OK (Recall>=0.9),22294.6253,0.9500,1345.6158,12982.5562,0.9100,2310.7930
Music,Large p_pass,SmartRoute+/ACORN-gamma,inf,"Infinity (Num>=0.9, Den Failed)",67132.8671,0.9500,446.8750,,,
Music,Large p_pass,SmartRoute+/NaviX,inf,"Infinity (Num>=0.9, Den Failed)",67132.8671,0.9500,446.8750,,,
Music,Large p_pass,SmartRoute+/pre-filtering,20.7716,OK (Recall>=0.9),67132.8671,0.9500,446.8750,3231.9576,1.0000,9282.3000
Music,Large p_pass,SmartRoute+/Milvus-HNSW,113.0428,OK (Recall>=0.9),67132.8671,0.9500,446.8750,593.8712,0.9000,50516.0000
Music,Large p_pass,SmartRoute+/Milvus-IVF,214.3042,OK (Recall>=0.9),67132.8671,0.9500,446.8750,313.2597,0.9010,95767.2000
Music,Large p_pass,SmartRoute+/UNG,143.3504,OK (Recall>=0.9),67132.8671,0.9500,446.8750,468.3132,0.9000,64059.7000
Music,Large p_pass,UNG+/UNG,20.0182,OK (Recall>=0.9),9374.7949,0.9000,3200.0700,468.3132,0.9000,64059.7000
Music,Large p_pass,SmartRoute+/UNG+,7.1610,OK (Recall>=0.9),67132.8671,0.9500,446.8750,9374.7949,0.9000,3200.0700
Music,Large p_pass,SmartRoute+/SmartRoute,1.9001,OK (Recall>=0.9),67132.8671,0.9500,446.8750,35330.4914,0.9500,849.1249
Music,Large p_pass,SmartRoute/UNG+,3.7687,OK (Recall>=0.9),35330.4914,0.9500,849.1249,9374.7949,0.9000,3200.0700
Music,th=10,SmartRoute+/ACORN-gamma,inf,"Infinity (Num>=0.9, Den Failed)",35847.6475,0.9985,1673.7500,,,
Music,th=10,SmartRoute+/NaviX,inf,"Infinity (Num>=0.9, Den Failed)",35847.6475,0.9985,1673.7500,,,
Music,th=10,SmartRoute+/pre-filtering,22.9826,OK (Recall>=0.9),35847.6475,0.9985,1673.7500,1559.7704,1.0000,38467.2000
Music,th=10,SmartRoute+/Milvus-HNSW,56.3741,OK (Recall>=0.9),35847.6475,0.9985,1673.7500,635.8889,0.9970,94356.1000
Music,th=10,SmartRoute+/Milvus-IVF,89.3425,OK (Recall>=0.9),35847.6475,0.9985,1673.7500,401.2385,0.9040,149537.0000
Music,th=10,SmartRoute+/UNG,192.7934,OK (Recall>=0.9),35847.6475,0.9985,1673.7500,185.9381,0.9840,322688.0000
Music,th=10,UNG+/UNG,17.1872,OK (Recall>=0.9),3195.7560,0.9930,18774.9000,185.9381,0.9840,322688.0000
Music,th=10,SmartRoute+/UNG+,11.2173,OK (Recall>=0.9),35847.6475,0.9985,1673.7500,3195.7560,0.9930,18774.9000
Music,th=10,SmartRoute+/SmartRoute,1.2268,OK (Recall>=0.9),35847.6475,0.9985,1673.7500,29221.3959,0.9985,2053.2900
Music,th=10,SmartRoute/UNG+,9.1438,OK (Recall>=0.9),29221.3959,0.9985,2053.2900,3195.7560,0.9930,18774.9000
Music,K=20,SmartRoute+/ACORN-gamma,inf,"Infinity (Num>=0.9, Den Failed)",80643.4270,0.9990,744.0160,,,
Music,K=20,SmartRoute+/NaviX,inf,"Infinity (Num>=0.9, Den Failed)",80643.4270,0.9990,744.0160,,,
Music,K=20,SmartRoute+/pre-filtering,20.3345,OK (Recall>=0.9),80643.4270,0.9990,744.0160,3965.8409,1.0000,15129.2000
Music,K=20,SmartRoute+/Milvus-HNSW,127.7506,OK (Recall>=0.9),80643.4270,0.9990,744.0160,631.2567,0.9980,95048.5000
Music,K=20,SmartRoute+/Milvus-IVF,205.9821,OK (Recall>=0.9),80643.4270,0.9990,744.0160,391.5069,0.9005,153254.0000
Music,K=20,SmartRoute+/UNG,86.3315,OK (Recall>=0.9),80643.4270,0.9990,744.0160,934.1138,0.9818,64232.0000
Music,K=20,UNG+/UNG,14.2530,OK (Recall>=0.9),13313.9246,0.9923,4506.5600,934.1138,0.9818,64232.0000
Music,K=20,SmartRoute+/UNG+,6.0571,OK (Recall>=0.9),80643.4270,0.9990,744.0160,13313.9246,0.9923,4506.5600
Music,K=20,SmartRoute+/SmartRoute,2.1546,OK (Recall>=0.9),80643.4270,0.9990,744.0160,37428.9528,0.9990,1603.0371
Music,K=20,SmartRoute/UNG+,2.8113,OK (Recall>=0.9),37428.9528,0.9990,1603.0371,13313.9246,0.9923,4506.5600
BookReviews,Mixed,SmartRoute+/ACORN-gamma,inf,"Infinity (Num>=0.9, Den Failed)",27080.0894,0.9000,2215.6500,,,
BookReviews,Mixed,SmartRoute+/NaviX,inf,"Infinity (Num>=0.9, Den Failed)",27080.0894,0.9000,2215.6500,,,
BookReviews,Mixed,SmartRoute+/pre-filtering,10.2593,OK (Recall>=0.9),27080.0894,0.9000,2215.6500,2639.5671,1.0000,22731.0000
BookReviews,Mixed,SmartRoute+/Milvus-HNSW,56.6475,OK (Recall>=0.9),27080.0894,0.9000,2215.6500,478.0457,0.9000,125511.0000
BookReviews,Mixed,SmartRoute+/Milvus-IVF,85.0468,OK (Recall>=0.9),27080.0894,0.9000,2215.6500,318.4139,0.9100,188434.0000
BookReviews,Mixed,SmartRoute+/UNG,17.9299,OK (Recall>=0.9),27080.0894,0.9000,2215.6500,1510.3307,0.9000,39726.4000
BookReviews,Mixed,UNG+/UNG,4.2489,OK (Recall>=0.9),6417.1697,0.9100,9349.9164,1510.3307,0.9000,39726.4000
BookReviews,Mixed,SmartRoute+/UNG+,4.2199,OK (Recall>=0.9),27080.0894,0.9000,2215.6500,6417.1697,0.9100,9349.9164
BookReviews,Mixed,SmartRoute+/SmartRoute,2.0414,OK (Recall>=0.9),27080.0894,0.9000,2215.6500,13265.5024,0.9000,4523.0100
BookReviews,Mixed,SmartRoute/UNG+,2.0672,OK (Recall>=0.9),13265.5024,0.9000,4523.0100,6417.1697,0.9100,9349.9164
BookReviews,Small Length,SmartRoute+/ACORN-gamma,inf,"Infinity (Num>=0.9, Den Failed)",15781.4169,0.9000,1900.9700,,,
BookReviews,Small Length,SmartRoute+/NaviX,inf,"Infinity (Num>=0.9, Den Failed)",15781.4169,0.9000,1900.9700,,,
BookReviews,Small Length,SmartRoute+/pre-filtering,7.7846,OK (Recall>=0.9),15781.4169,0.9000,1900.9700,2027.2667,1.0000,14798.2500
BookReviews,Small Length,SmartRoute+/Milvus-HNSW,34.1449,OK (Recall>=0.9),15781.4169,0.9000,1900.9700,462.1898,0.9000,64908.4000
BookReviews,Small Length,SmartRoute+/Milvus-IVF,64.6596,OK (Recall>=0.9),15781.4169,0.9000,1900.9700,244.0691,0.9100,122916.0000
BookReviews,Small Length,SmartRoute+/UNG,19.9591,OK (Recall>=0.9),15781.4169,0.9000,1900.9700,790.6888,0.9100,37941.6000
BookReviews,Small Length,UNG+/UNG,5.5105,OK (Recall>=0.9),4357.0894,0.9100,6885.3304,790.6888,0.9100,37941.6000
BookReviews,Small Length,SmartRoute+/UNG+,3.6220,OK (Recall>=0.9),15781.4169,0.9000,1900.9700,4357.0894,0.9100,6885.3304
BookReviews,Small Length,SmartRoute+/SmartRoute,2.0382,OK (Recall>=0.9),15781.4169,0.9000,1900.9700,7742.6948,0.9000,3874.6200
BookReviews,Small Length,SmartRoute/UNG+,1.7770,OK (Recall>=0.9),7742.6948,0.9000,3874.6200,4357.0894,0.9100,6885.3304
BookReviews,Large Length,SmartRoute+/ACORN-gamma,inf,"Infinity (Num>=0.9, Den Failed)",70379.7456,0.9000,426.2590,,,
BookReviews,Large Length,SmartRoute+/NaviX,inf,"Infinity (Num>=0.9, Den Failed)",70379.7456,0.9000,426.2590,,,
BookReviews,Large Length,SmartRoute+/pre-filtering,16.0334,OK (Recall>=0.9),70379.7456,0.9000,426.2590,4389.5715,1.0000,6834.3800
BookReviews,Large Length,SmartRoute+/Milvus-HNSW,141.4215,OK (Recall>=0.9),70379.7456,0.9000,426.2590,497.6593,0.9000,60282.2000
BookReviews,Large Length,SmartRoute+/Milvus-IVF,161.0648,OK (Recall>=0.9),70379.7456,0.9000,426.2590,436.9655,0.9300,68655.3000
BookReviews,Large Length,SmartRoute+/UNG,12.4866,OK (Recall>=0.9),70379.7456,0.9000,426.2590,5636.4046,0.9200,5322.5420
BookReviews,Large Length,UNG+/UNG,1.9061,OK (Recall>=0.9),10743.3311,0.9200,2792.4300,5636.4046,0.9200,5322.5420
BookReviews,Large Length,SmartRoute+/UNG+,6.5510,OK (Recall>=0.9),70379.7456,0.9000,426.2590,10743.3311,0.9200,2792.4300
BookReviews,Large Length,SmartRoute+/SmartRoute,1.9942,OK (Recall>=0.9),70379.7456,0.9000,426.2590,35292.0416,0.9000,850.0500
BookReviews,Large Length,SmartRoute/UNG+,3.2850,OK (Recall>=0.9),35292.0416,0.9000,850.0500,10743.3311,0.9200,2792.4300
BookReviews,Small p_pass,SmartRoute+/ACORN-gamma,inf,"Infinity (Num>=0.9, Den Failed)",87371.6510,1.0000,343.3608,,,
BookReviews,Small p_pass,SmartRoute+/NaviX,inf,"Infinity (Num>=0.9, Den Failed)",87371.6510,1.0000,343.3608,,,
BookReviews,Small p_pass,SmartRoute+/pre-filtering,16.3155,OK (Recall>=0.9),87371.6510,1.0000,343.3608,5355.1347,1.0000,5602.1000
BookReviews,Small p_pass,SmartRoute+/Milvus-HNSW,174.3490,OK (Recall>=0.9),87371.6510,1.0000,343.3608,501.1309,1.0000,59864.6000
BookReviews,Small p_pass,SmartRoute+/Milvus-IVF,194.1969,OK (Recall>=0.9),87371.6510,1.0000,343.3608,449.9127,0.9640,66679.6000
BookReviews,Small p_pass,SmartRoute+/UNG,9.6703,OK (Recall>=0.9),87371.6510,1.0000,343.3608,9035.0288,1.0000,3320.4100
BookReviews,Small p_pass,UNG+/UNG,1.2100,OK (Recall>=0.9),10932.4207,1.0000,2744.1315,9035.0288,1.0000,3320.4100
BookReviews,Small p_pass,SmartRoute+/UNG+,7.9920,OK (Recall>=0.9),87371.6510,1.0000,343.3608,10932.4207,1.0000,2744.1315
BookReviews,Small p_pass,SmartRoute+/SmartRoute,2.0818,OK (Recall>=0.9),87371.6510,1.0000,343.3608,41970.0049,1.0000,714.7962
BookReviews,Small p_pass,SmartRoute/UNG+,3.8390,OK (Recall>=0.9),41970.0049,1.0000,714.7962,10932.4207,1.0000,2744.1315
BookReviews,Large p_pass,SmartRoute+/ACORN-gamma,inf,"Infinity (Num>=0.9, Den Failed)",16877.4472,1.0000,1777.5200,,,
BookReviews,Large p_pass,SmartRoute+/NaviX,inf,"Infinity (Num>=0.9, Den Failed)",16877.4472,1.0000,1777.5200,,,
BookReviews,Large p_pass,SmartRoute+/pre-filtering,4.8091,OK (Recall>=0.9),16877.4472,1.0000,1777.5200,3509.5149,1.0000,8548.1900
BookReviews,Large p_pass,SmartRoute+/Milvus-HNSW,36.1921,OK (Recall>=0.9),16877.4472,1.0000,1777.5200,466.3302,0.9930,64332.1000
BookReviews,Large p_pass,SmartRoute+/Milvus-IVF,54.3475,OK (Recall>=0.9),16877.4472,1.0000,1777.5200,310.5468,0.9610,96603.8000
BookReviews,Large p_pass,SmartRoute+/UNG,21.4238,OK (Recall>=0.9),16877.4472,1.0000,1777.5200,787.7882,0.9680,38081.3000
BookReviews,Large p_pass,UNG+/UNG,7.6094,OK (Recall>=0.9),5994.5569,0.9789,5004.5400,787.7882,0.9680,38081.3000
BookReviews,Large p_pass,SmartRoute+/UNG+,2.8155,OK (Recall>=0.9),16877.4472,1.0000,1777.5200,5994.5569,0.9789,5004.5400
BookReviews,Large p_pass,SmartRoute+/SmartRoute,2.1194,OK (Recall>=0.9),16877.4472,1.0000,1777.5200,7963.4953,1.0000,3767.1900
BookReviews,Large p_pass,SmartRoute/UNG+,1.3285,OK (Recall>=0.9),7963.4953,1.0000,3767.1900,5994.5569,0.9789,5004.5400
BookReviews,th=10,SmartRoute+/ACORN-gamma,inf,"Infinity (Num>=0.9, Den Failed)",7571.2645,1.0000,7924.7000,,,
BookReviews,th=10,SmartRoute+/NaviX,inf,"Infinity (Num>=0.9, Den Failed)",7571.2645,1.0000,7924.7000,,,
BookReviews,th=10,SmartRoute+/pre-filtering,5.4009,OK (Recall>=0.9),7571.2645,1.0000,7924.7000,1401.8528,1.0000,42800.5000
BookReviews,th=10,SmartRoute+/Milvus-HNSW,15.7063,OK (Recall>=0.9),7571.2645,1.0000,7924.7000,482.0516,0.9970,124468.0000
BookReviews,th=10,SmartRoute+/Milvus-IVF,18.5117,OK (Recall>=0.9),7571.2645,1.0000,7924.7000,408.9980,0.9280,146700.0000
BookReviews,th=10,SmartRoute+/UNG,27.4468,OK (Recall>=0.9),7571.2645,1.0000,7924.7000,275.8519,0.9840,217508.0000
BookReviews,th=10,UNG+/UNG,6.9801,OK (Recall>=0.9),1925.4652,0.9865,31161.3000,275.8519,0.9840,217508.0000
BookReviews,th=10,SmartRoute+/UNG+,3.9322,OK (Recall>=0.9),7571.2645,1.0000,7924.7000,1925.4652,0.9865,31161.3000
BookReviews,th=10,SmartRoute+/SmartRoute,1.5472,OK (Recall>=0.9),7571.2645,1.0000,7924.7000,4893.4053,1.0000,12261.4000
BookReviews,th=10,SmartRoute/UNG+,2.5414,OK (Recall>=0.9),4893.4053,1.0000,12261.4000,1925.4652,0.9865,31161.3000
BookReviews,K=20,SmartRoute+/ACORN-gamma,inf,"Infinity (Num>=0.9, Den Failed)",26341.7847,1.0000,2277.7500,,,
BookReviews,K=20,SmartRoute+/NaviX,inf,"Infinity (Num>=0.9, Den Failed)",26341.7847,1.0000,2277.7500,,,
BookReviews,K=20,SmartRoute+/pre-filtering,6.5702,OK (Recall>=0.9),26341.7847,1.0000,2277.7500,4009.2748,1.0000,14965.3000
BookReviews,K=20,SmartRoute+/Milvus-HNSW,55.2466,OK (Recall>=0.9),26341.7847,1.0000,2277.7500,476.8035,0.9962,125838.0000
BookReviews,K=20,SmartRoute+/Milvus-IVF,62.8006,OK (Recall>=0.9),26341.7847,1.0000,2277.7500,419.4514,0.9205,143044.0000
BookReviews,K=20,SmartRoute+/UNG,17.8517,OK (Recall>=0.9),26341.7847,1.0000,2277.7500,1475.5901,0.9815,40661.7000
BookReviews,K=20,UNG+/UNG,5.1051,OK (Recall>=0.9),7533.0229,0.9860,7964.9300,1475.5901,0.9815,40661.7000
BookReviews,K=20,SmartRoute+/UNG+,3.4968,OK (Recall>=0.9),26341.7847,1.0000,2277.7500,7533.0229,0.9860,7964.9300
BookReviews,K=20,SmartRoute+/SmartRoute,1.9393,OK (Recall>=0.9),26341.7847,1.0000,2277.7500,13583.3884,1.0000,4417.1600
BookReviews,K=20,SmartRoute/UNG+,1.8032,OK (Recall>=0.9),13583.3884,1.0000,4417.1600,7533.0229,0.9860,7964.9300
Tiktok,Mixed,SmartRoute+/ACORN-gamma,inf,"Infinity (Num>=0.9, Den Failed)",42487.0383,0.9000,1412.1954,,,
Tiktok,Mixed,SmartRoute+/NaviX,inf,"Infinity (Num>=0.9, Den Failed)",42487.0383,0.9000,1412.1954,,,
Tiktok,Mixed,SmartRoute+/pre-filtering,28.7475,OK (Recall>=0.9),42487.0383,0.9000,1412.1954,1477.9381,1.0000,40597.1000
Tiktok,Mixed,SmartRoute+/Milvus-HNSW,137.1099,OK (Recall>=0.9),42487.0383,0.9000,1412.1954,309.8757,0.9000,193626.0000
Tiktok,Mixed,SmartRoute+/Milvus-IVF,174.5348,OK (Recall>=0.9),42487.0383,0.9000,1412.1954,243.4302,0.9150,246477.2000
Tiktok,Mixed,SmartRoute+/UNG,18.4113,OK (Recall>=0.9),42487.0383,0.9000,1412.1954,2307.6568,0.9200,26000.4000
Tiktok,Mixed,UNG+/UNG,2.6592,OK (Recall>=0.9),6136.5317,0.9200,9777.5100,2307.6568,0.9200,26000.4000
Tiktok,Mixed,SmartRoute+/UNG+,6.9236,OK (Recall>=0.9),42487.0383,0.9000,1412.1954,6136.5317,0.9200,9777.5100
Tiktok,Mixed,SmartRoute+/SmartRoute,2.3548,OK (Recall>=0.9),42487.0383,0.9000,1412.1954,18042.4067,0.9000,3325.4987
Tiktok,Mixed,SmartRoute/UNG+,2.9402,OK (Recall>=0.9),18042.4067,0.9000,3325.4987,6136.5317,0.9200,9777.5100
Tiktok,Small Length,SmartRoute+/ACORN-gamma,inf,"Infinity (Num>=0.9, Den Failed)",42449.3862,0.9000,706.7240,,,
Tiktok,Small Length,SmartRoute+/NaviX,inf,"Infinity (Num>=0.9, Den Failed)",42449.3862,0.9000,706.7240,,,
Tiktok,Small Length,SmartRoute+/pre-filtering,39.5173,OK (Recall>=0.9),42449.3862,0.9000,706.7240,1074.1985,1.0000,27927.8000
Tiktok,Small Length,SmartRoute+/Milvus-HNSW,190.1860,OK (Recall>=0.9),42449.3862,0.9000,706.7240,223.1993,0.9400,134409.0000
Tiktok,Small Length,SmartRoute+/Milvus-IVF,348.7602,OK (Recall>=0.9),42449.3862,0.9000,706.7240,121.7151,0.9150,246477.2000
Tiktok,Small Length,SmartRoute+/UNG,32.7849,OK (Recall>=0.9),42449.3862,0.9000,706.7240,1294.7833,0.9300,23169.9000
Tiktok,Small Length,UNG+/UNG,3.6392,OK (Recall>=0.9),4711.9136,0.9300,6366.8400,1294.7833,0.9300,23169.9000
Tiktok,Small Length,SmartRoute+/UNG+,9.0089,OK (Recall>=0.9),42449.3862,0.9000,706.7240,4711.9136,0.9300,6366.8400
Tiktok,Small Length,SmartRoute+/SmartRoute,2.1939,OK (Recall>=0.9),42449.3862,0.9000,706.7240,19349.1962,0.9000,1550.4520
Tiktok,Small Length,SmartRoute/UNG+,4.1064,OK (Recall>=0.9),19349.1962,0.9000,1550.4520,4711.9136,0.9300,6366.8400
Tiktok,Large Length,SmartRoute+/ACORN-gamma,inf,"Infinity (Num>=0.9, Den Failed)",99461.5813,0.9000,301.6240,,,
Tiktok,Large Length,SmartRoute+/NaviX,inf,"Infinity (Num>=0.9, Den Failed)",99461.5813,0.9000,301.6240,,,
Tiktok,Large Length,SmartRoute+/pre-filtering,26.7293,OK (Recall>=0.9),99461.5813,0.9000,301.6240,3721.0641,1.0000,8062.2100
Tiktok,Large Length,SmartRoute+/Milvus-HNSW,215.2140,OK (Recall>=0.9),99461.5813,0.9000,301.6240,462.1521,0.9400,64913.7000
Tiktok,Large Length,SmartRoute+/Milvus-IVF,81.1514,OK (Recall>=0.9),99461.5813,0.9000,301.6240,1225.6304,0.9150,24477.2000
Tiktok,Large Length,SmartRoute+/UNG,16.8639,OK (Recall>=0.9),99461.5813,0.9000,301.6240,5897.8933,0.9300,5086.5620
Tiktok,Large Length,UNG+/UNG,1.9413,OK (Recall>=0.9),11449.2892,0.9310,2620.2500,5897.8933,0.9300,5086.5620
Tiktok,Large Length,SmartRoute+/UNG+,8.6871,OK (Recall>=0.9),99461.5813,0.9000,301.6240,11449.2892,0.9310,2620.2500
Tiktok,Large Length,SmartRoute+/SmartRoute,2.7056,OK (Recall>=0.9),99461.5813,0.9000,301.6240,36761.5523,0.9000,816.0700
Tiktok,Large Length,SmartRoute/UNG+,3.2108,OK (Recall>=0.9),36761.5523,0.9000,816.0700,11449.2892,0.9310,2620.2500
Tiktok,Small p_pass,SmartRoute+/ACORN-gamma,inf,"Infinity (Num>=0.9, Den Failed)",182077.6148,0.9400,164.7649,,,
Tiktok,Small p_pass,SmartRoute+/NaviX,inf,"Infinity (Num>=0.9, Den Failed)",182077.6148,0.9400,164.7649,,,
Tiktok,Small p_pass,SmartRoute+/pre-filtering,44.3449,OK (Recall>=0.9),182077.6148,0.9400,164.7649,4105.9387,1.0000,7306.4900
Tiktok,Small p_pass,SmartRoute+/Milvus-HNSW,694.9417,OK (Recall>=0.9),182077.6148,0.9400,164.7649,262.0042,0.9000,114502.0000
Tiktok,Small p_pass,SmartRoute+/Milvus-IVF,560.4889,OK (Recall>=0.9),182077.6148,0.9400,164.7649,324.8550,1.0000,92348.9000
Tiktok,Small p_pass,SmartRoute+/UNG,41.9456,OK (Recall>=0.9),182077.6148,0.9400,164.7649,4340.8053,0.9300,6911.1600
Tiktok,Small p_pass,UNG+/UNG,2.5111,OK (Recall>=0.9),10900.1995,0.9200,2752.2432,4340.8053,0.9300,6911.1600
Tiktok,Small p_pass,SmartRoute+/UNG+,16.7041,OK (Recall>=0.9),182077.6148,0.9400,164.7649,10900.1995,0.9200,2752.2432
Tiktok,Small p_pass,SmartRoute+/SmartRoute,5.8328,OK (Recall>=0.9),182077.6148,0.9400,164.7649,31216.3806,0.9000,961.0339
Tiktok,Small p_pass,SmartRoute/UNG+,2.8638,OK (Recall>=0.9),31216.3806,0.9000,961.0339,10900.1995,0.9200,2752.2432
Tiktok,Large p_pass,SmartRoute+/ACORN-gamma,inf,"Infinity (Num>=0.9, Den Failed)",27360.2802,0.9000,1096.4800,,,
Tiktok,Large p_pass,SmartRoute+/NaviX,inf,"Infinity (Num>=0.9, Den Failed)",27360.2802,0.9000,1096.4800,,,
Tiktok,Large p_pass,SmartRoute+/pre-filtering,25.2294,OK (Recall>=0.9),27360.2802,0.9000,1096.4800,1084.4615,1.0000,27663.5000
Tiktok,Large p_pass,SmartRoute+/Milvus-HNSW,59.2019,OK (Recall>=0.9),27360.2802,0.9000,1096.4800,462.1521,0.9400,64913.7000
Tiktok,Large p_pass,SmartRoute+/Milvus-IVF,314.4444,OK (Recall>=0.9),27360.2802,0.9000,1096.4800,87.0115,0.9150,344782.0000
Tiktok,Large p_pass,SmartRoute+/UNG,20.3725,OK (Recall>=0.9),27360.2802,0.9000,1096.4800,1343.0030,0.9052,22338.0000
Tiktok,Large p_pass,UNG+/UNG,2.0985,OK (Recall>=0.9),2818.2934,0.9402,10644.7400,1343.0030,0.9052,22338.0000
Tiktok,Large p_pass,SmartRoute+/UNG+,9.7081,OK (Recall>=0.9),27360.2802,0.9000,1096.4800,2818.2934,0.9402,10644.7400
Tiktok,Large p_pass,SmartRoute+/SmartRoute,1.6667,OK (Recall>=0.9),27360.2802,0.9000,1096.4800,16416.0483,0.9000,1827.4800
Tiktok,Large p_pass,SmartRoute/UNG+,5.8248,OK (Recall>=0.9),16416.0483,0.9000,1827.4800,2818.2934,0.9402,10644.7400
Tiktok,th=10,SmartRoute+/ACORN-gamma,inf,"Infinity (Num>=0.9, Den Failed)",8268.2211,0.9720,7256.7000,,,
Tiktok,th=10,SmartRoute+/NaviX,inf,"Infinity (Num>=0.9, Den Failed)",8268.2211,0.9720,7256.7000,,,
Tiktok,th=10,SmartRoute+/pre-filtering,16.0106,OK (Recall>=0.9),8268.2211,0.9720,7256.7000,516.4222,1.0000,116184.0000
Tiktok,th=10,SmartRoute+/Milvus-HNSW,26.9270,OK (Recall>=0.9),8268.2211,0.9720,7256.7000,307.0609,1.0000,195401.0000
Tiktok,th=10,SmartRoute+/Milvus-IVF,59.3843,OK (Recall>=0.9),8268.2211,0.9720,7256.7000,139.2325,1.0000,430934.0000
Tiktok,th=10,SmartRoute+/UNG,18.3384,OK (Recall>=0.9),8268.2211,0.9720,7256.7000,450.8702,0.9177,133076.0000
Tiktok,th=10,UNG+/UNG,4.0850,OK (Recall>=0.9),1841.8241,0.9310,32576.4000,450.8702,0.9177,133076.0000
Tiktok,th=10,SmartRoute+/UNG+,4.4891,OK (Recall>=0.9),8268.2211,0.9720,7256.7000,1841.8241,0.9310,32576.4000
Tiktok,th=10,SmartRoute+/SmartRoute,1.2974,OK (Recall>=0.9),8268.2211,0.9720,7256.7000,6372.8838,0.9720,9414.8900
Tiktok,th=10,SmartRoute/UNG+,3.4601,OK (Recall>=0.9),6372.8838,0.9720,9414.8900,1841.8241,0.9310,32576.4000
Tiktok,K=20,SmartRoute+/ACORN-gamma,inf,"Infinity (Num>=0.9, Den Failed)",32111.6630,0.9740,1868.4800,,,
Tiktok,K=20,SmartRoute+/NaviX,inf,"Infinity (Num>=0.9, Den Failed)",32111.6630,0.9740,1868.4800,,,
Tiktok,K=20,SmartRoute+/pre-filtering,21.8700,OK (Recall>=0.9),32111.6630,0.9740,1868.4800,1468.2958,1.0000,40863.7000
Tiktok,K=20,SmartRoute+/Milvus-HNSW,101.1491,OK (Recall>=0.9),32111.6630,0.9740,1868.4800,317.4687,0.9900,188995.0000
Tiktok,K=20,SmartRoute+/Milvus-IVF,222.8367,OK (Recall>=0.9),32111.6630,0.9740,1868.4800,144.1040,1.0000,416366.0000
Tiktok,K=20,SmartRoute+/UNG,12.9536,OK (Recall>=0.9),32111.6630,0.9740,1868.4800,2478.9701,0.9251,24203.6000
Tiktok,K=20,UNG+/UNG,2.9202,OK (Recall>=0.9),7238.9892,0.9372,8288.4500,2478.9701,0.9251,24203.6000
Tiktok,K=20,SmartRoute+/UNG+,4.4359,OK (Recall>=0.9),32111.6630,0.9740,1868.4800,7238.9892,0.9372,8288.4500
Tiktok,K=20,SmartRoute+/SmartRoute,2.4324,OK (Recall>=0.9),32111.6630,0.9740,1868.4800,13201.8648,0.9740,4544.8125
Tiktok,K=20,SmartRoute/UNG+,1.8237,OK (Recall>=0.9),13201.8648,0.9740,4544.8125,7238.9892,0.9372,8288.4500
Laion,Mixed,SmartRoute+/ACORN-gamma,inf,"Infinity (Num>=0.9, Den Failed)",7579.4899,0.9028,7916.1000,,,
Laion,Mixed,SmartRoute+/NaviX,inf,"Infinity (Num>=0.9, Den Failed)",7579.4899,0.9028,7916.1000,,,
Laion,Mixed,SmartRoute+/pre-filtering,12.2422,OK (Recall>=0.9),7579.4899,0.9028,7916.1000,619.1286,1.0000,96910.4000
Laion,Mixed,SmartRoute+/Milvus-HNSW,189.9875,OK (Recall>=0.9),7579.4899,0.9028,7916.1000,39.8947,0.9200,1503960.0000
Laion,Mixed,SmartRoute+/Milvus-IVF,173.9771,OK (Recall>=0.9),7579.4899,0.9028,7916.1000,43.5660,0.9140,1377220.0000
Laion,Mixed,SmartRoute+/UNG,10.4360,OK (Recall>=0.9),7579.4899,0.9028,7916.1000,726.2859,0.9156,82612.1000
Laion,Mixed,UNG+/UNG,2.7318,OK (Recall>=0.9),1984.0384,0.9164,30241.3500,726.2859,0.9156,82612.1000
Laion,Mixed,SmartRoute+/UNG+,3.8202,OK (Recall>=0.9),7579.4899,0.9028,7916.1000,1984.0384,0.9164,30241.3500
Laion,Mixed,SmartRoute+/SmartRoute,1.8311,OK (Recall>=0.9),7579.4899,0.9028,7916.1000,4139.3298,0.9026,14495.1000
Laion,Mixed,SmartRoute/UNG+,2.0863,OK (Recall>=0.9),4139.3298,0.9026,14495.1000,1984.0384,0.9164,30241.3500
Laion,Small Length,SmartRoute+/ACORN-gamma,inf,"Infinity (Num>=0.9, Den Failed)",2661.4620,0.9035,11272.0000,,,
Laion,Small Length,SmartRoute+/NaviX,inf,"Infinity (Num>=0.9, Den Failed)",2661.4620,0.9035,11272.0000,,,
Laion,Small Length,SmartRoute+/pre-filtering,5.8902,OK (Recall>=0.9),2661.4620,0.9035,11272.0000,451.8467,1.0000,66394.2000
Laion,Small Length,SmartRoute+/Milvus-HNSW,99.4118,OK (Recall>=0.9),2661.4620,0.9035,11272.0000,26.7721,0.9000,1120570.0000
Laion,Small Length,SmartRoute+/Milvus-IVF,59.5768,OK (Recall>=0.9),2661.4620,0.9035,11272.0000,44.6728,0.9140,671550.0000
Laion,Small Length,SmartRoute+/UNG,7.6234,OK (Recall>=0.9),2661.4620,0.9035,11272.0000,349.1193,0.9027,85930.5000
Laion,Small Length,UNG+/UNG,2.4001,OK (Recall>=0.9),837.9367,0.9114,35802.2250,349.1193,0.9027,85930.5000
Laion,Small Length,SmartRoute+/UNG+,3.1762,OK (Recall>=0.9),2661.4620,0.9035,11272.0000,837.9367,0.9114,35802.2250
Laion,Small Length,SmartRoute+/SmartRoute,1.3548,OK (Recall>=0.9),2661.4620,0.9035,11272.0000,1964.4436,0.9037,15271.5000
Laion,Small Length,SmartRoute/UNG+,2.3444,OK (Recall>=0.9),1964.4436,0.9037,15271.5000,837.9367,0.9114,35802.2250
Laion,Large Length,SmartRoute+/ACORN-gamma,inf,"Infinity (Num>=0.9, Den Failed)",70622.7657,0.9430,424.7922,,,
Laion,Large Length,SmartRoute+/NaviX,inf,"Infinity (Num>=0.9, Den Failed)",70622.7657,0.9430,424.7922,,,
Laion,Large Length,SmartRoute+/pre-filtering,71.6217,OK (Recall>=0.9),70622.7657,0.9430,424.7922,986.0533,1.0000,30424.3200
Laion,Large Length,SmartRoute+/Milvus-HNSW,1026.2547,OK (Recall>=0.9),70622.7657,0.9430,424.7922,68.8160,0.9200,435945.0000
Laion,Large Length,SmartRoute+/Milvus-IVF,687.1336,OK (Recall>=0.9),70622.7657,0.9430,424.7922,102.7788,0.9150,291889.0000
Laion,Large Length,SmartRoute+/UNG,7.1908,OK (Recall>=0.9),70622.7657,0.9430,424.7922,9821.2146,0.9000,3054.6120
Laion,Large Length,UNG+/UNG,2.2625,OK (Recall>=0.9),22220.8593,0.9000,1350.0828,9821.2146,0.9000,3054.6120
Laion,Large Length,SmartRoute+/UNG+,3.1782,OK (Recall>=0.9),70622.7657,0.9430,424.7922,22220.8593,0.9000,1350.0828
Laion,Large Length,SmartRoute+/SmartRoute,1.9717,OK (Recall>=0.9),70622.7657,0.9430,424.7922,35818.9282,0.9431,837.5460
Laion,Large Length,SmartRoute/UNG+,1.6120,OK (Recall>=0.9),35818.9282,0.9431,837.5460,22220.8593,0.9000,1350.0828
Laion,Small p_pass,SmartRoute+/ACORN-gamma,inf,"Infinity (Num>=0.9, Den Failed)",35592.3818,0.9629,842.8770,,,
Laion,Small p_pass,SmartRoute+/NaviX,inf,"Infinity (Num>=0.9, Den Failed)",35592.3818,0.9629,842.8770,,,
Laion,Small p_pass,SmartRoute+/pre-filtering,19.4766,OK (Recall>=0.9),35592.3818,0.9629,842.8770,1827.4409,1.0000,16416.4000
Laion,Small p_pass,SmartRoute+/Milvus-HNSW,516.4016,OK (Recall>=0.9),35592.3818,0.9629,842.8770,68.9238,0.9000,435263.0000
Laion,Small p_pass,SmartRoute+/Milvus-IVF,214.5438,OK (Recall>=0.9),35592.3818,0.9629,842.8770,165.8980,0.9110,180834.0000
Laion,Small p_pass,SmartRoute+/UNG,7.1730,OK (Recall>=0.9),35592.3818,0.9629,842.8770,4961.9673,0.9000,6045.9890
Laion,Small p_pass,UNG+/UNG,1.9754,OK (Recall>=0.9),9801.9138,0.9000,3060.6268,4961.9673,0.9000,6045.9890
Laion,Small p_pass,SmartRoute+/UNG+,3.6312,OK (Recall>=0.9),35592.3818,0.9629,842.8770,9801.9138,0.9000,3060.6268
Laion,Small p_pass,SmartRoute+/SmartRoute,1.3653,OK (Recall>=0.9),35592.3818,0.9629,842.8770,26069.5013,0.9628,1150.7700
Laion,Small p_pass,SmartRoute/UNG+,2.6596,OK (Recall>=0.9),26069.5013,0.9628,1150.7700,9801.9138,0.9000,3060.6268
Laion,Large p_pass,SmartRoute+/ACORN-gamma,inf,"Infinity (Num>=0.9, Den Failed)",5367.6971,0.9228,5588.9890,,,
Laion,Large p_pass,SmartRoute+/NaviX,inf,"Infinity (Num>=0.9, Den Failed)",5367.6971,0.9228,5588.9890,,,
Laion,Large p_pass,SmartRoute+/pre-filtering,5.8352,OK (Recall>=0.9),5367.6971,0.9228,5588.9890,919.8814,1.0000,32612.9000
Laion,Large p_pass,SmartRoute+/Milvus-HNSW,204.3876,OK (Recall>=0.9),5367.6971,0.9228,5588.9890,26.2623,0.9000,1142320.0000
Laion,Large p_pass,SmartRoute+/Milvus-IVF,141.1370,OK (Recall>=0.9),5367.6971,0.9228,5588.9890,38.0318,0.9220,788813.0000
Laion,Large p_pass,SmartRoute+/UNG,14.9413,OK (Recall>=0.9),5367.6971,0.9228,5588.9890,359.2522,0.9097,83506.8000
Laion,Large p_pass,UNG+/UNG,5.1385,OK (Recall>=0.9),1846.0289,0.9057,16251.1000,359.2522,0.9097,83506.8000
Laion,Large p_pass,SmartRoute+/UNG+,2.9077,OK (Recall>=0.9),5367.6971,0.9228,5588.9890,1846.0289,0.9057,16251.1000
Laion,Large p_pass,SmartRoute+/SmartRoute,1.7874,OK (Recall>=0.9),5367.6971,0.9228,5588.9890,3003.0932,0.9227,9989.7000
Laion,Large p_pass,SmartRoute/UNG+,1.6268,OK (Recall>=0.9),3003.0932,0.9227,9989.7000,1846.0289,0.9057,16251.1000
Laion,th=10,SmartRoute+/ACORN-gamma,inf,"Infinity (Num>=0.9, Den Failed)",1291.8027,0.9148,46446.7200,,,
Laion,th=10,SmartRoute+/NaviX,inf,"Infinity (Num>=0.9, Den Failed)",1291.8027,0.9148,46446.7200,,,
Laion,th=10,SmartRoute+/pre-filtering,5.7766,OK (Recall>=0.9),1291.8027,0.9148,46446.7200,223.6253,1.0000,268306.0000
Laion,th=10,SmartRoute+/Milvus-HNSW,33.4570,OK (Recall>=0.9),1291.8027,0.9148,46446.7200,38.6108,1.0000,1553970.0000
Laion,th=10,SmartRoute+/Milvus-IVF,inf,"Infinity (Num>=0.9, Den Failed)",1291.8027,0.9148,46446.7200,,,
Laion,th=10,SmartRoute+/UNG,9.0571,OK (Recall>=0.9),1291.8027,0.9148,46446.7200,142.6286,0.9080,420673.0000
Laion,th=10,UNG+/UNG,5.3260,OK (Recall>=0.9),759.6408,0.9609,78984.7000,142.6286,0.9080,420673.0000
Laion,th=10,SmartRoute+/UNG+,1.7005,OK (Recall>=0.9),1291.8027,0.9148,46446.7200,759.6408,0.9609,78984.7000
Laion,th=10,SmartRoute+/SmartRoute,1.2416,OK (Recall>=0.9),1291.8027,0.9148,46446.7200,1040.4564,0.9328,57667.0000
Laion,th=10,SmartRoute/UNG+,1.3697,OK (Recall>=0.9),1040.4564,0.9328,57667.0000,759.6408,0.9609,78984.7000
Laion,K=20,SmartRoute+/ACORN-gamma,inf,"Infinity (Num>=0.9, Den Failed)",5370.7616,0.9119,11171.6000,,,
Laion,K=20,SmartRoute+/NaviX,inf,"Infinity (Num>=0.9, Den Failed)",5370.7616,0.9119,11171.6000,,,
Laion,K=20,SmartRoute+/pre-filtering,4.2045,OK (Recall>=0.9),5370.7616,0.9119,11171.6000,1277.3839,1.0000,46971.0000
Laion,K=20,SmartRoute+/Milvus-HNSW,135.7872,OK (Recall>=0.9),5370.7616,0.9119,11171.6000,39.5528,1.0000,1516960.0000
Laion,K=20,SmartRoute+/Milvus-IVF,285.8471,OK (Recall>=0.9),5370.7616,0.9119,11171.6000,18.7889,0.9005,3193370.0000
Laion,K=20,SmartRoute+/UNG,7.1093,OK (Recall>=0.9),5370.7616,0.9119,11171.6000,755.4572,0.9015,79422.1000
Laion,K=20,UNG+/UNG,3.1315,OK (Recall>=0.9),2365.6868,0.9096,25362.6140,755.4572,0.9015,79422.1000
Laion,K=20,SmartRoute+/UNG+,2.2703,OK (Recall>=0.9),5370.7616,0.9119,11171.6000,2365.6868,0.9096,25362.6140
Laion,K=20,SmartRoute+/SmartRoute,1.7907,OK (Recall>=0.9),5370.7616,0.9119,11171.6000,2999.2682,0.9119,20004.8800
Laion,K=20,SmartRoute/UNG+,1.2678,OK (Recall>=0.9),2999.2682,0.9119,20004.8800,2365.6868,0.9096,25362.6140
